risk_class,risk of interval [0,9],risk of interval [10,19],risk of interval [20,29],risk of interval [30,39],risk of interval [40,49],risk of interval [50,59],risk of interval [60,69],risk of interval [70,79],risk of interval [80,89],risk of interval [90,99]
scene_3,0.6654094,0.7017478,0.6167918,0.64011097,0.56887805,0.60811174,0.80897486,0.65303737,0.5733222,0.6276491
scene_4,0.6044792,0.5845585,0.51473516,0.6926622,0.48571464,0.6422997,0.96517867,0.9692954,0.96403396,0.98178333
scene_5,0.3984965,0.58224267,0.3950973,0.33904728,0.46412462,0.97209007,0.982616,0.88752174,0.4787169,0.4787169
scene_6,0.4787169,0.9152882,0.6780841,0.38390914,0.57349813,0.4014133,0.29096106,0.40916097,0.560004,0.6547323
scene_8,0.59404296,0.7392479,0.7996164,0.6200059,0.5269679,0.63316166,0.09520049,0.14219226,0.39022404,0.3917001
