risk_class,"risk of interval [0,9]","risk of interval [10,19]","risk of interval [20,29]","risk of interval [30,39]"," risk of interval [40,49]"
scene_1,0.8444011,0.70765305,0.598403,0.93495506,0.89164567
scene_2,0.93754303,0.7754998,0.18439196,0.6023442,0.95474243
scene_3,0.5418475,0.59287804,0.5243585,0.30343625,0.6744126
scene_4,0.6910415,0.49616733,0.45579726,0.95907176,0.9767826
