risk_class,risk of interval [0,9],risk of interval [10,19],risk of interval [20,29],risk of interval [30,39],risk of interval [40,49],risk of interval [50,59],risk of interval [60,69],risk of interval [70,79],risk of interval [80,89],risk of interval [90,99]
scene_1,0.35993853,0.26549608,0.32694954,0.5825237,0.59621197,0.66365427,0.68946695,0.92942905,0.9614302,0.96014845,,,,,,,,,,
scene_2,0.50435215,0.7034101,0.7796426,0.7987337,0.49416003,0.32820654,0.33822072,0.55613065,0.63982886,0.676664,,,,,,,,,,
scene_3,0.7707277,0.4787169,0.4787169,0.4787169,0.5071591,0.38514125,0.8038035,0.75751454,0.93990535,0.55281043,,,,,,,,,,
scene_4,0.66032165,0.7489682,0.6560644,0.83090734,0.68786573,0.64447004,0.6096552,0.57502806,0.6058987,0.7430352,,,,,,,,,,
