risk_class,risk of interval [0,9],risk of interval [10,19],risk of interval [20,29],risk of interval [30,39],risk of interval [40,49]
scene_1,0.72008276,0.63802326,0.77253973,0.78481776,0.6986514
scene_2,0.5183458,0.45508558,0.36482337,0.47729528,0.26313064
scene_3,0.19781782,0.14441781,0.16534197,0.16515572,0.18183753
scene_4,0.648706,0.4860449,0.82164896,0.7946468,0.7958888
scene_5,0.86010695,0.7065974,0.49557948,0.82755363,0.8115643
