risk_class,risk of interval [0,9],risk of interval [10,19],risk of interval [20,29],risk of interval [30,39],risk of interval [40,49]
scene_1,0.72381365,0.6846323,0.54071075,0.6602092,0.26394793
scene_2,0.4986889,0.40032396,0.38988096,0.53360593,0.3868203
scene_3,0.6229225,0.54812044,0.7523521,0.8619196,0.47908962
scene_4,0.61027807,0.8734542,0.9245693,0.95310044,0.6235336
