risk_class,risk of interval [0,9],risk of interval [10,19],risk of interval [20,29],risk of interval [30,39],risk of interval [40,49]
scene_1,0.6675657,0.8952723,0.77822894,0.65438914,0.50018746
scene_2,0.94158834,0.4787169,0.9898116,0.7209709,0.99042964
scene_3,0.3623923,0.32399502,0.28169507,0.28004327,0.5082417
