risk_class,risk of interval [0,9],risk of interval [10,19],risk of interval [20,29],risk of interval [30,39],risk of interval [40,49],risk of interval [50,59],risk of interval [60,69],risk of interval [70,79],risk of interval [80,89],risk of interval [90,99]
scene_1,0.80607945,0.8278998,0.76749533,0.8722018,0.80938613,0.85616183,0.8582512,0.82934797,0.8885041,0.96572864
scene_2,0.4787169,0.97114486,0.9625557,0.9691595,0.95444053,0.5880845,0.95222723,0.4787169,0.8774236,0.4787169
scene_3,0.9253285,0.9632922,0.78754616,0.85902756,0.79692394,0.9698368,0.99083775,0.8768261,0.55252594,0.771755
scene_4,0.81587243,0.8810276,0.71506524,0.9291814,0.79221064,0.4787169,0.38842103,0.64272285,0.66705894,0.8670292
scene_5,0.7614826,0.41281852,0.43130603,0.7375761,0.5022807,0.38503653,0.46776268,0.3680903,0.60930806,0.6893559
scene_6,0.58413553,0.70886385,0.7522458,0.7403369,0.67827237,0.90315,0.88911396,0.8060466,0.9691387,0.97606194
