risk_class,risk of interval [0,9],risk of interval [10,19],risk of interval [20,29],risk of interval [30,39],risk of interval [40,49],risk of interval [50,59],risk of interval [60,69],risk of interval [70,79],risk of interval [80,89],risk of interval [90,99]
scene_2,0.640357,0.61141354,0.49276012,0.5537003,0.647998,0.72444516,0.7245674,0.73764974,0.8178766,0.7518685,,,,,,,,,,
scene_3,0.15052943,0.5685746,0.52146,0.5883893,0.6387158,0.5969267,0.599509,0.6312221,0.6317895,0.59963834,,,,,,,,,,
scene_4,0.5314147,0.5499256,0.47916198,0.5022944,0.5177894,0.56050587,0.60640794,0.48868915,0.61648715,0.6158863,,,,,,,,,,
scene_5,0.90617704,0.91254145,0.89346594,0.95037955,0.95963216,0.9803602,0.95914346,0.96515054,0.9765548,0.9767912,,,,,,,,,,
